geometry,start,end
"{""type"": ""Point"", ""coordinates"": [-73.99974372,40.71602118]}",286,303
"{""type"": ""Point"", ""coordinates"": [-73.979382,40.688226]}",174,157
"{""type"": ""Point"", ""coordinates"": [-73.99074142,40.73454567]}",148,146
"{""type"": ""Point"", ""coordinates"": [-73.99415556,40.74173969]}",143,159
"{""type"": ""Point"", ""coordinates"": [-73.99098507,40.7575699]}",138,133
"{""type"": ""Point"", ""coordinates"": [-73.967416,40.756014]}",116,133
"{""type"": ""Point"", ""coordinates"": [-73.99009296,40.73704984]}",110,121
"{""type"": ""Point"", ""coordinates"": [-73.99102628,40.73020661]}",108,100
"{""type"": ""Point"", ""coordinates"": [-74.00293877,40.73401143]}",106,104
"{""type"": ""Point"", ""coordinates"": [-74.00711384,40.73291553]}",104,93
"{""type"": ""Point"", ""coordinates"": [-73.98067966,40.72966729]}",98,100
"{""type"": ""Point"", ""coordinates"": [-73.98672378,40.73047309]}",96,96
"{""type"": ""Point"", ""coordinates"": [-73.98165557,40.73221853]}",94,84
"{""type"": ""Point"", ""coordinates"": [-73.99200509,40.73492695]}",94,79
"{""type"": ""Point"", ""coordinates"": [-74.00138497,40.74102151]}",94,105
"{""type"": ""Point"", ""coordinates"": [-73.9907527,40.72951496]}",94,93
"{""type"": ""Point"", ""coordinates"": [-73.986923,40.734232]}",92,85
"{""type"": ""Point"", ""coordinates"": [-73.98426726,40.72953837]}",91,93
"{""type"": ""Point"", ""coordinates"": [-74.007756,40.746745]}",90,95
"{""type"": ""Point"", ""coordinates"": [-73.98990025,40.71427487]}",90,74
"{""type"": ""Point"", ""coordinates"": [-73.97966069,40.74394314]}",90,92
"{""type"": ""Point"", ""coordinates"": [-73.98379855,40.72621788]}",90,91
"{""type"": ""Point"", ""coordinates"": [-73.97973776,40.73912601]}",88,74
"{""type"": ""Point"", ""coordinates"": [-73.9870295,40.71559509]}",87,81
"{""type"": ""Point"", ""coordinates"": [-73.99529885,40.74487634]}",87,97
"{""type"": ""Point"", ""coordinates"": [-73.99724901,40.72210379]}",87,92
"{""type"": ""Point"", ""coordinates"": [-73.98054421,40.73381219]}",86,77
"{""type"": ""Point"", ""coordinates"": [-73.989111,40.722055]}",85,87
"{""type"": ""Point"", ""coordinates"": [-73.99994661,40.73781509]}",84,93
"{""type"": ""Point"", ""coordinates"": [-73.97706058,40.74290902]}",83,76
"{""type"": ""Point"", ""coordinates"": [-73.98583621,40.72307749]}",82,80
"{""type"": ""Point"", ""coordinates"": [-74.00197139,40.7454973]}",81,91
"{""type"": ""Point"", ""coordinates"": [-73.98955109,40.7403432]}",81,83
"{""type"": ""Point"", ""coordinates"": [-74.00214988,40.73038599]}",80,86
"{""type"": ""Point"", ""coordinates"": [-73.98848395,40.74901271]}",78,80
"{""type"": ""Point"", ""coordinates"": [-73.98205027,40.73587678]}",78,59
"{""type"": ""Point"", ""coordinates"": [-73.97283406,40.78499979]}",78,82
"{""type"": ""Point"", ""coordinates"": [-73.98918629,40.74286877]}",77,80
"{""type"": ""Point"", ""coordinates"": [-73.98713956,40.7284186]}",77,77
"{""type"": ""Point"", ""coordinates"": [-73.98142006,40.72740794]}",75,69
"{""type"": ""Point"", ""coordinates"": [-73.99379025,40.72743423]}",71,74
"{""type"": ""Point"", ""coordinates"": [-73.97573881,40.73314259]}",71,72
"{""type"": ""Point"", ""coordinates"": [-73.99456405,40.73971301]}",70,79
"{""type"": ""Point"", ""coordinates"": [-73.97950418,40.72746421]}",70,75
"{""type"": ""Point"", ""coordinates"": [-74.00004031,40.74345335]}",70,62
"{""type"": ""Point"", ""coordinates"": [-73.98191841,40.76915505]}",70,79
"{""type"": ""Point"", ""coordinates"": [-73.99190759,40.71605866]}",69,64
"{""type"": ""Point"", ""coordinates"": [-73.99392888,40.76727216]}",68,66
"{""type"": ""Point"", ""coordinates"": [-73.99642959,40.73804614]}",67,67
"{""type"": ""Point"", ""coordinates"": [-73.97898475,40.7770575]}",67,70
"{""type"": ""Point"", ""coordinates"": [-73.99915362,40.74475148]}",67,57
"{""type"": ""Point"", ""coordinates"": [-73.9734419,40.74780373]}",66,60
"{""type"": ""Point"", ""coordinates"": [-73.98978041,40.7262807]}",66,80
"{""type"": ""Point"", ""coordinates"": [-73.99461843,40.76009437]}",66,66
"{""type"": ""Point"", ""coordinates"": [-73.96024116,40.71534825]}",65,72
"{""type"": ""Point"", ""coordinates"": [-74.01322069,40.71754834]}",65,57
"{""type"": ""Point"", ""coordinates"": [-73.99726235,40.74238787]}",64,56
"{""type"": ""Point"", ""coordinates"": [-73.99061728,40.76669671]}",64,61
"{""type"": ""Point"", ""coordinates"": [-74.00507033,40.7394482]}",64,61
"{""type"": ""Point"", ""coordinates"": [-73.99144871,40.74395411]}",64,72
"{""type"": ""Point"", ""coordinates"": [-73.98564945,40.72779126]}",63,63
"{""type"": ""Point"", ""coordinates"": [-74.00451887,40.74691959]}",62,56
"{""type"": ""Point"", ""coordinates"": [-73.98602213,40.74096374]}",62,54
"{""type"": ""Point"", ""coordinates"": [-73.98185424,40.72453734]}",62,56
"{""type"": ""Point"", ""coordinates"": [-73.99468482,40.75058535]}",62,64
"{""type"": ""Point"", ""coordinates"": [-73.98192338,40.7652654]}",62,58
"{""type"": ""Point"", ""coordinates"": [-73.99931783,40.73935542]}",62,54
"{""type"": ""Point"", ""coordinates"": [-73.99069656,40.72502876]}",60,60
"{""type"": ""Point"", ""coordinates"": [-73.98093045,40.77966809]}",60,64
"{""type"": ""Point"", ""coordinates"": [-73.99810231,40.72917025]}",59,65
"{""type"": ""Point"", ""coordinates"": [-73.98751968,40.73827428]}",59,55
"{""type"": ""Point"", ""coordinates"": [-74.00473036,40.72430832]}",59,53
"{""type"": ""Point"", ""coordinates"": [-73.99480012,40.72317958]}",59,60
"{""type"": ""Point"", ""coordinates"": [-73.94552579,40.7862586]}",59,45
"{""type"": ""Point"", ""coordinates"": [-73.9919254,40.72110063]}",59,54
"{""type"": ""Point"", ""coordinates"": [-73.983293,40.741459]}",59,59
"{""type"": ""Point"", ""coordinates"": [-73.99723551,40.74734825]}",58,68
"{""type"": ""Point"", ""coordinates"": [-74.000271,40.735238]}",58,51
"{""type"": ""Point"", ""coordinates"": [-73.9851615,40.76370739]}",58,54
"{""type"": ""Point"", ""coordinates"": [-74.01658354,40.7153379]}",57,49
"{""type"": ""Point"", ""coordinates"": [-73.977706,40.751873]}",57,57
"{""type"": ""Point"", ""coordinates"": [-73.993934,40.751551]}",57,69
"{""type"": ""Point"", ""coordinates"": [-73.99147535,40.72229346]}",57,73
"{""type"": ""Point"", ""coordinates"": [-73.98997825,40.72019576]}",56,69
"{""type"": ""Point"", ""coordinates"": [-73.99301222,40.76269882]}",56,51
"{""type"": ""Point"", ""coordinates"": [-73.9912551,40.76019252]}",55,71
"{""type"": ""Point"", ""coordinates"": [-73.99800419,40.73532427]}",55,47
"{""type"": ""Point"", ""coordinates"": [-73.98802084,40.7172274]}",55,52
"{""type"": ""Point"", ""coordinates"": [-73.98517977,40.72066442]}",54,53
"{""type"": ""Point"", ""coordinates"": [-73.98194829,40.7457121]}",54,43
"{""type"": ""Point"", ""coordinates"": [-73.99906065,40.73047747]}",54,53
"{""type"": ""Point"", ""coordinates"": [-74.00165856,40.72494672]}",53,51
"{""type"": ""Point"", ""coordinates"": [-73.97809472,40.736502]}",53,53
"{""type"": ""Point"", ""coordinates"": [-73.99600983,40.72430527]}",53,61
"{""type"": ""Point"", ""coordinates"": [-74.008119,40.739323]}",53,59
"{""type"": ""Point"", ""coordinates"": [-74.00859207,40.7361967]}",53,61
"{""type"": ""Point"", ""coordinates"": [-74.00218427,40.75018156]}",53,46
"{""type"": ""Point"", ""coordinates"": [-73.99662137,40.72706363]}",52,56
"{""type"": ""Point"", ""coordinates"": [-73.99884222,40.76030096]}",52,59
"{""type"": ""Point"", ""coordinates"": [-73.96094022,40.7612274]}",52,41
"{""type"": ""Point"", ""coordinates"": [-73.993915,40.746647]}",52,52
"{""type"": ""Point"", ""coordinates"": [-73.98261428,40.77163851]}",51,40
"{""type"": ""Point"", ""coordinates"": [-73.98658032,40.75513557]}",51,58
"{""type"": ""Point"", ""coordinates"": [-73.97449784,40.74322681]}",51,50
"{""type"": ""Point"", ""coordinates"": [-73.963198,40.716887]}",51,47
"{""type"": ""Point"", ""coordinates"": [-73.981346,40.714215]}",50,58
"{""type"": ""Point"", ""coordinates"": [-74.01129574,40.72771408]}",50,49
"{""type"": ""Point"", ""coordinates"": [-73.99063168,40.6867443]}",50,47
"{""type"": ""Point"", ""coordinates"": [-73.968087,40.7919557]}",50,47
"{""type"": ""Point"", ""coordinates"": [-73.99490342,40.73143724]}",50,57
"{""type"": ""Point"", ""coordinates"": [-73.98808416,40.74854862]}",49,70
"{""type"": ""Point"", ""coordinates"": [-73.97604882,40.7489006]}",49,57
"{""type"": ""Point"", ""coordinates"": [-74.01122332,40.71485151]}",49,50
"{""type"": ""Point"", ""coordinates"": [-74.00681753,40.74334935]}",49,47
"{""type"": ""Point"", ""coordinates"": [-73.98368779,40.72217444]}",49,58
"{""type"": ""Point"", ""coordinates"": [-73.99238967,40.73726186]}",49,52
"{""type"": ""Point"", ""coordinates"": [-73.99266288,40.71893904]}",48,61
"{""type"": ""Point"", ""coordinates"": [-73.98085795,40.7208736]}",48,43
"{""type"": ""Point"", ""coordinates"": [-73.988038,40.770513]}",48,22
"{""type"": ""Point"", ""coordinates"": [-74.00297088,40.72710258]}",48,48
"{""type"": ""Point"", ""coordinates"": [-73.98473765,40.73624527]}",48,45
"{""type"": ""Point"", ""coordinates"": [-74.00483091,40.73535398]}",47,52
"{""type"": ""Point"", ""coordinates"": [-73.99404649,40.72903917]}",47,45
"{""type"": ""Point"", ""coordinates"": [-73.98288594,40.77748046]}",47,60
"{""type"": ""Point"", ""coordinates"": [-73.99431,40.735445]}",47,49
"{""type"": ""Point"", ""coordinates"": [-73.99046034,40.77149671]}",46,42
"{""type"": ""Point"", ""coordinates"": [-73.98266566,40.77492513]}",46,43
"{""type"": ""Point"", ""coordinates"": [-73.99852205,40.73226398]}",46,49
"{""type"": ""Point"", ""coordinates"": [-73.97536082,40.74144387]}",46,43
"{""type"": ""Point"", ""coordinates"": [-73.9535166,40.77140426]}",46,44
"{""type"": ""Point"", ""coordinates"": [-73.98788205,40.76227205]}",46,45
"{""type"": ""Point"", ""coordinates"": [-73.99093085,40.75019995]}",46,49
"{""type"": ""Point"", ""coordinates"": [-73.98855723,40.7462009]}",46,41
"{""type"": ""Point"", ""coordinates"": [-74.009447,40.711066]}",45,43
"{""type"": ""Point"", ""coordinates"": [-74.015756,40.711512]}",45,55
"{""type"": ""Point"", ""coordinates"": [-74.00674436,40.73172428]}",45,49
"{""type"": ""Point"", ""coordinates"": [-74.00965965,40.72405549]}",45,34
"{""type"": ""Point"", ""coordinates"": [-74.005226,40.751396]}",45,61
"{""type"": ""Point"", ""coordinates"": [-74.00398269,40.73756121]}",44,36
"{""type"": ""Point"", ""coordinates"": [-73.96063149,40.70924826]}",44,46
"{""type"": ""Point"", ""coordinates"": [-73.99923384,40.74937024]}",44,50
"{""type"": ""Point"", ""coordinates"": [-73.98215353,40.74311555]}",44,40
"{""type"": ""Point"", ""coordinates"": [-73.97793172,40.72082834]}",43,39
"{""type"": ""Point"", ""coordinates"": [-73.97728533,40.78018397]}",43,34
"{""type"": ""Point"", ""coordinates"": [-73.97667321,40.78524672]}",43,48
"{""type"": ""Point"", ""coordinates"": [-73.97041192,40.7973721]}",43,33
"{""type"": ""Point"", ""coordinates"": [-73.98859651,40.75929124]}",43,36
"{""type"": ""Point"", ""coordinates"": [-73.99293911,40.71406667]}",43,36
"{""type"": ""Point"", ""coordinates"": [-73.98329859,40.71850211]}",42,40
"{""type"": ""Point"", ""coordinates"": [-74.00618026,40.73652889]}",42,40
"{""type"": ""Point"", ""coordinates"": [-73.99203074,40.6902375]}",42,43
"{""type"": ""Point"", ""coordinates"": [-74.01677685,40.70569254]}",42,39
"{""type"": ""Point"", ""coordinates"": [-73.96724467,40.76095756]}",41,36
"{""type"": ""Point"", ""coordinates"": [-73.97768752,40.72521311]}",41,40
"{""type"": ""Point"", ""coordinates"": [-74.01713445,40.70834698]}",41,47
"{""type"": ""Point"", ""coordinates"": [-74.0046073,40.71273266]}",41,49
"{""type"": ""Point"", ""coordinates"": [-74.00026394,40.73224119]}",40,46
"{""type"": ""Point"", ""coordinates"": [-73.97374737,40.77896784]}",40,40
"{""type"": ""Point"", ""coordinates"": [-73.99344559,40.69760127]}",40,40
"{""type"": ""Point"", ""coordinates"": [-73.99422366,40.7158155]}",40,51
"{""type"": ""Point"", ""coordinates"": [-73.99667444,40.76341379]}",39,35
"{""type"": ""Point"", ""coordinates"": [-73.960876,40.710451]}",39,42
"{""type"": ""Point"", ""coordinates"": [-73.99510132,40.73331967]}",39,34
"{""type"": ""Point"", ""coordinates"": [-73.95840794,40.76876203]}",39,33
"{""type"": ""Point"", ""coordinates"": [-73.98918696,40.77515953]}",39,35
"{""type"": ""Point"", ""coordinates"": [-73.9471673,40.7839636]}",39,33
"{""type"": ""Point"", ""coordinates"": [-73.97945255,40.66106337]}",39,41
"{""type"": ""Point"", ""coordinates"": [-73.984844,40.713126]}",39,41
"{""type"": ""Point"", ""coordinates"": [-74.0091059,40.71625008]}",38,35
"{""type"": ""Point"", ""coordinates"": [-73.98683077,40.7451677]}",38,41
"{""type"": ""Point"", ""coordinates"": [-74.01030064,40.72019521]}",38,49
"{""type"": ""Point"", ""coordinates"": [-73.976806,40.739445]}",38,36
"{""type"": ""Point"", ""coordinates"": [-73.97738662,40.7381765]}",37,32
"{""type"": ""Point"", ""coordinates"": [-73.9786517,40.7829391]}",37,44
"{""type"": ""Point"", ""coordinates"": [-73.98451656,40.68841743]}",37,39
"{""type"": ""Point"", ""coordinates"": [-74.00666661,40.71911552]}",37,27
"{""type"": ""Point"", ""coordinates"": [-73.9916,40.749156]}",37,53
"{""type"": ""Point"", ""coordinates"": [-73.96590294,40.71285887]}",37,35
"{""type"": ""Point"", ""coordinates"": [-73.9551276,40.77755374]}",36,36
"{""type"": ""Point"", ""coordinates"": [-73.98016555,40.71739973]}",36,31
"{""type"": ""Point"", ""coordinates"": [-74.00247214,40.71939226]}",36,38
"{""type"": ""Point"", ""coordinates"": [-73.96165073,40.72036775]}",36,32
"{""type"": ""Point"", ""coordinates"": [-74.00504082,40.70831794]}",36,25
"{""type"": ""Point"", ""coordinates"": [-74.013012,40.7149787]}",35,33
"{""type"": ""Point"", ""coordinates"": [-73.95234386,40.71413311]}",35,31
"{""type"": ""Point"", ""coordinates"": [-73.99595065,40.69512845]}",35,30
"{""type"": ""Point"", ""coordinates"": [-73.98765428,40.75097711]}",35,31
"{""type"": ""Point"", ""coordinates"": [-73.97995466,40.72299208]}",35,41
"{""type"": ""Point"", ""coordinates"": [-74.00277668,40.76087502]}",35,43
"{""type"": ""Point"", ""coordinates"": [-73.971888,40.7937704]}",35,37
"{""type"": ""Point"", ""coordinates"": [-73.977112,40.7867947]}",35,36
"{""type"": ""Point"", ""coordinates"": [-73.9979009,40.75660359]}",35,35
"{""type"": ""Point"", ""coordinates"": [-74.00747359,40.74275383]}",35,38
"{""type"": ""Point"", ""coordinates"": [-74.01043382,40.70905623]}",35,35
"{""type"": ""Point"", ""coordinates"": [-74.00731853,40.70706456]}",35,34
"{""type"": ""Point"", ""coordinates"": [-73.98303529,40.74444921]}",34,36
"{""type"": ""Point"", ""coordinates"": [-73.95818491,40.76500525]}",34,34
"{""type"": ""Point"", ""coordinates"": [-73.97668709,40.72228087]}",34,23
"{""type"": ""Point"", ""coordinates"": [-73.98093133,40.78339981]}",34,38
"{""type"": ""Point"", ""coordinates"": [-73.95068615,40.77565541]}",34,35
"{""type"": ""Point"", ""coordinates"": [-74.00234737,40.72165481]}",33,32
"{""type"": ""Point"", ""coordinates"": [-73.97620574,40.77579377]}",33,29
"{""type"": ""Point"", ""coordinates"": [-74.0021163,40.75594159]}",33,29
"{""type"": ""Point"", ""coordinates"": [-73.99612349,40.69089272]}",33,38
"{""type"": ""Point"", ""coordinates"": [-73.97835016,40.76309387]}",32,29
"{""type"": ""Point"", ""coordinates"": [-73.98690506,40.76584941]}",32,25
"{""type"": ""Point"", ""coordinates"": [-73.99949601,40.72362738]}",32,36
"{""type"": ""Point"", ""coordinates"": [-73.98261206,40.71622644]}",32,23
"{""type"": ""Point"", ""coordinates"": [-73.95850939,40.71745169]}",32,33
"{""type"": ""Point"", ""coordinates"": [-73.97087984,40.6729679]}",32,31
"{""type"": ""Point"", ""coordinates"": [-73.98490707,40.74765947]}",32,35
"{""type"": ""Point"", ""coordinates"": [-73.95520136,40.71816969]}",31,28
"{""type"": ""Point"", ""coordinates"": [-73.97523209,40.67514684]}",31,31
"{""type"": ""Point"", ""coordinates"": [-73.94308,40.72325]}",31,25
"{""type"": ""Point"", ""coordinates"": [-73.95242,40.71924]}",30,24
"{""type"": ""Point"", ""coordinates"": [-73.97754961,40.7785669]}",30,36
"{""type"": ""Point"", ""coordinates"": [-73.9867267,40.70140317]}",30,25
"{""type"": ""Point"", ""coordinates"": [-73.98797393,40.73536706]}",30,23
"{""type"": ""Point"", ""coordinates"": [-73.95852515,40.7190095]}",30,32
"{""type"": ""Point"", ""coordinates"": [-73.96264403,40.71260486]}",29,41
"{""type"": ""Point"", ""coordinates"": [-73.98338988,40.75038009]}",29,26
"{""type"": ""Point"", ""coordinates"": [-73.944507,40.715143]}",29,25
"{""type"": ""Point"", ""coordinates"": [-73.96905301,40.75001986]}",29,20
"{""type"": ""Point"", ""coordinates"": [-73.9521667,40.7806284]}",29,32
"{""type"": ""Point"", ""coordinates"": [-73.97906899,40.76674056]}",29,27
"{""type"": ""Point"", ""coordinates"": [-73.95698119,40.71286844]}",29,30
"{""type"": ""Point"", ""coordinates"": [-73.98631746,40.69236178]}",29,27
"{""type"": ""Point"", ""coordinates"": [-73.96525063,40.71044554]}",28,25
"{""type"": ""Point"", ""coordinates"": [-73.97637606,40.66514682]}",28,26
"{""type"": ""Point"", ""coordinates"": [-73.987167,40.695065]}",28,24
"{""type"": ""Point"", ""coordinates"": [-74.00295035,40.74971775]}",28,25
"{""type"": ""Point"", ""coordinates"": [-73.94965589,40.7811223]}",28,22
"{""type"": ""Point"", ""coordinates"": [-74.008591,40.728846]}",28,44
"{""type"": ""Point"", ""coordinates"": [-73.98940236,40.70255088]}",28,26
"{""type"": ""Point"", ""coordinates"": [-73.98917958,40.76360468]}",28,26
"{""type"": ""Point"", ""coordinates"": [-73.97282625,40.75255434]}",28,31
"{""type"": ""Point"", ""coordinates"": [-73.988639,40.768254]}",28,30
"{""type"": ""Point"", ""coordinates"": [-74.00552427,40.71146364]}",28,17
"{""type"": ""Point"", ""coordinates"": [-73.9333349,40.7949879]}",27,25
"{""type"": ""Point"", ""coordinates"": [-74.00653609,40.70955958]}",27,29
"{""type"": ""Point"", ""coordinates"": [-73.97121214,40.744219]}",27,32
"{""type"": ""Point"", ""coordinates"": [-73.98316936,40.75527307]}",26,33
"{""type"": ""Point"", ""coordinates"": [-73.969024,40.6767]}",26,21
"{""type"": ""Point"", ""coordinates"": [-73.95826,40.73266]}",26,13
"{""type"": ""Point"", ""coordinates"": [-73.98912867,40.68926942]}",26,19
"{""type"": ""Point"", ""coordinates"": [-74.00566443,40.72243797]}",26,37
"{""type"": ""Point"", ""coordinates"": [-73.97137,40.78275]}",26,26
"{""type"": ""Point"", ""coordinates"": [-73.9523,40.7987859]}",26,26
"{""type"": ""Point"", ""coordinates"": [-73.95141312,40.71167351]}",26,33
"{""type"": ""Point"", ""coordinates"": [-74.00413692,40.74294892]}",26,27
"{""type"": ""Point"", ""coordinates"": [-73.97634151,40.76590936]}",25,26
"{""type"": ""Point"", ""coordinates"": [-73.93756926,40.69681963]}",25,26
"{""type"": ""Point"", ""coordinates"": [-73.97574813,40.72368361]}",25,21
"{""type"": ""Point"", ""coordinates"": [-73.96685276,40.77282817]}",25,30
"{""type"": ""Point"", ""coordinates"": [-73.974124,40.7941654]}",25,13
"{""type"": ""Point"", ""coordinates"": [-73.95482273,40.7689738]}",25,25
"{""type"": ""Point"", ""coordinates"": [-73.99740189,40.75469175]}",25,24
"{""type"": ""Point"", ""coordinates"": [-73.9559308,40.8038654]}",25,17
"{""type"": ""Point"", ""coordinates"": [-73.97324283,40.6776147]}",25,22
"{""type"": ""Point"", ""coordinates"": [-73.96784384,40.75206862]}",25,22
"{""type"": ""Point"", ""coordinates"": [-73.957145,40.801694]}",25,26
"{""type"": ""Point"", ""coordinates"": [-73.98776323,40.71269042]}",25,25
"{""type"": ""Point"", ""coordinates"": [-73.968896,40.693261]}",25,25
"{""type"": ""Point"", ""coordinates"": [-73.98452729,40.76068327]}",25,39
"{""type"": ""Point"", ""coordinates"": [-73.95348296,40.76663814]}",24,19
"{""type"": ""Point"", ""coordinates"": [-73.97839676,40.6703837]}",24,19
"{""type"": ""Point"", ""coordinates"": [-73.99383605,40.70277159]}",24,32
"{""type"": ""Point"", ""coordinates"": [-74.01361706,40.70463334]}",24,19
"{""type"": ""Point"", ""coordinates"": [-73.9550858,40.73232194]}",24,19
"{""type"": ""Point"", ""coordinates"": [-73.97782542,40.7734066]}",24,24
"{""type"": ""Point"", ""coordinates"": [-73.95394,40.73026]}",24,23
"{""type"": ""Point"", ""coordinates"": [-73.9645,40.795]}",24,23
"{""type"": ""Point"", ""coordinates"": [-73.95380904,40.6851443]}",24,23
"{""type"": ""Point"", ""coordinates"": [-73.95095259,40.70877084]}",24,15
"{""type"": ""Point"", ""coordinates"": [-74.00926027,40.7047177]}",24,18
"{""type"": ""Point"", ""coordinates"": [-73.98377641,40.668127]}",23,24
"{""type"": ""Point"", ""coordinates"": [-73.98396846,40.663779]}",23,18
"{""type"": ""Point"", ""coordinates"": [-73.98888588,40.77750703]}",23,23
"{""type"": ""Point"", ""coordinates"": [-73.96818053,40.8021174]}",23,22
"{""type"": ""Point"", ""coordinates"": [-73.99158043,40.73261787]}",23,26
"{""type"": ""Point"", ""coordinates"": [-73.94100005,40.71247661]}",23,20
"{""type"": ""Point"", ""coordinates"": [-73.97895137,40.68312489]}",23,20
"{""type"": ""Point"", ""coordinates"": [-73.95212324,40.72311651]}",23,32
"{""type"": ""Point"", ""coordinates"": [-73.97178913,40.69308257]}",23,21
"{""type"": ""Point"", ""coordinates"": [-73.95299117,40.72708584]}",23,24
"{""type"": ""Point"", ""coordinates"": [-73.9739,40.7921]}",22,24
"{""type"": ""Point"", ""coordinates"": [-73.95621,40.72606]}",22,18
"{""type"": ""Point"", ""coordinates"": [-73.9999786,40.69165183]}",22,14
"{""type"": ""Point"", ""coordinates"": [-73.96648977,40.76440023]}",22,26
"{""type"": ""Point"", ""coordinates"": [-73.97207836,40.75714758]}",22,17
"{""type"": ""Point"", ""coordinates"": [-73.98721619,40.75299641]}",22,23
"{""type"": ""Point"", ""coordinates"": [-73.97632328,40.68382604]}",22,22
"{""type"": ""Point"", ""coordinates"": [-73.99337909,40.69239502]}",22,22
"{""type"": ""Point"", ""coordinates"": [-74.00722156,40.70862144]}",22,22
"{""type"": ""Point"", ""coordinates"": [-73.96699104,40.804213]}",22,33
"{""type"": ""Point"", ""coordinates"": [-73.95427465,40.77477945]}",21,21
"{""type"": ""Point"", ""coordinates"": [-73.96226227,40.75892386]}",21,19
"{""type"": ""Point"", ""coordinates"": [-73.95608,40.70934]}",21,21
"{""type"": ""Point"", ""coordinates"": [-73.9567526,40.77573034]}",21,19
"{""type"": ""Point"", ""coordinates"": [-73.95939,40.78307]}",21,25
"{""type"": ""Point"", ""coordinates"": [-73.94485918,40.7169811]}",21,23
"{""type"": ""Point"", ""coordinates"": [-73.94016171,40.70767788]}",21,28
"{""type"": ""Point"", ""coordinates"": [-73.99785267,40.6831164]}",21,24
"{""type"": ""Point"", ""coordinates"": [-73.95772073,40.77862688]}",21,24
"{""type"": ""Point"", ""coordinates"": [-73.97854971,40.6795766]}",20,19
"{""type"": ""Point"", ""coordinates"": [-73.952918,40.676368]}",20,21
"{""type"": ""Point"", ""coordinates"": [-73.97498696,40.75510267]}",20,22
"{""type"": ""Point"", ""coordinates"": [-73.97484126,40.6711978]}",20,19
"{""type"": ""Point"", ""coordinates"": [-73.9614583,40.68223166]}",20,16
"{""type"": ""Point"", ""coordinates"": [-73.944024,40.711863]}",20,19
"{""type"": ""Point"", ""coordinates"": [-73.9488134,40.778301]}",20,20
"{""type"": ""Point"", ""coordinates"": [-73.97032517,40.75323098]}",20,22
"{""type"": ""Point"", ""coordinates"": [-73.9576801,40.6707767]}",20,30
"{""type"": ""Point"", ""coordinates"": [-73.97371465,40.7643971]}",20,31
"{""type"": ""Point"", ""coordinates"": [-74.0104554,40.71748752]}",20,12
"{""type"": ""Point"", ""coordinates"": [-73.97982001,40.76132983]}",20,21
"{""type"": ""Point"", ""coordinates"": [-73.97948148,40.71219906]}",20,16
"{""type"": ""Point"", ""coordinates"": [-73.99917254,40.6847514]}",20,21
"{""type"": ""Point"", ""coordinates"": [-73.98257732,40.75668721]}",19,27
"{""type"": ""Point"", ""coordinates"": [-73.9641,40.8082]}",19,13
"{""type"": ""Point"", ""coordinates"": [-73.99475825,40.680611]}",19,19
"{""type"": ""Point"", ""coordinates"": [-73.94782145,40.7961535]}",19,13
"{""type"": ""Point"", ""coordinates"": [-73.99383324,40.686371]}",19,21
"{""type"": ""Point"", ""coordinates"": [-73.964839,40.79127]}",19,27
"{""type"": ""Point"", ""coordinates"": [-73.96427393,40.77632142]}",19,22
"{""type"": ""Point"", ""coordinates"": [-73.97363831,40.668132]}",19,15
"{""type"": ""Point"", ""coordinates"": [-73.96579,40.6769694]}",19,13
"{""type"": ""Point"", ""coordinates"": [-73.99193043,40.71173107]}",19,18
"{""type"": ""Point"", ""coordinates"": [-73.94434,40.72557]}",19,18
"{""type"": ""Point"", ""coordinates"": [-73.98765762,40.70281858]}",19,18
"{""type"": ""Point"", ""coordinates"": [-73.99520919,40.6881529]}",19,27
"{""type"": ""Point"", ""coordinates"": [-73.986274,40.720747]}",19,32
"{""type"": ""Point"", ""coordinates"": [-74.005549,40.717571]}",19,23
"{""type"": ""Point"", ""coordinates"": [-73.98199886,40.6662078]}",19,21
"{""type"": ""Point"", ""coordinates"": [-73.94984365,40.72395678]}",19,16
"{""type"": ""Point"", ""coordinates"": [-73.94989233,40.7728384]}",19,11
"{""type"": ""Point"", ""coordinates"": [-73.99990419,40.6828003]}",19,8
"{""type"": ""Point"", ""coordinates"": [-73.953559,40.787801]}",19,21
"{""type"": ""Point"", ""coordinates"": [-73.95772297,40.77112927]}",19,14
"{""type"": ""Point"", ""coordinates"": [-73.955613,40.799484]}",19,19
"{""type"": ""Point"", ""coordinates"": [-73.95921931,40.72248189]}",18,23
"{""type"": ""Point"", ""coordinates"": [-73.95411749,40.74232744]}",18,20
"{""type"": ""Point"", ""coordinates"": [-73.97121414,40.75022392]}",18,14
"{""type"": ""Point"", ""coordinates"": [-73.96885458,40.68940747]}",18,19
"{""type"": ""Point"", ""coordinates"": [-73.99183363,40.69102926]}",18,17
"{""type"": ""Point"", ""coordinates"": [-74.00670227,40.70355377]}",18,14
"{""type"": ""Point"", ""coordinates"": [-73.95643107,40.6906495]}",18,17
"{""type"": ""Point"", ""coordinates"": [-73.953149,40.809725]}",18,19
"{""type"": ""Point"", ""coordinates"": [-73.95249933,40.7922553]}",18,22
"{""type"": ""Point"", ""coordinates"": [-73.94976519,40.70538077]}",18,9
"{""type"": ""Point"", ""coordinates"": [-73.99400398,40.71076228]}",18,16
"{""type"": ""Point"", ""coordinates"": [-73.94818595,40.70411791]}",18,7
"{""type"": ""Point"", ""coordinates"": [-73.99785768,40.6746957]}",18,15
"{""type"": ""Point"", ""coordinates"": [-73.99599099,40.6787242]}",18,16
"{""type"": ""Point"", ""coordinates"": [-73.99682619,40.71117444]}",18,18
"{""type"": ""Point"", ""coordinates"": [-73.9787282,40.6740886]}",18,14
"{""type"": ""Point"", ""coordinates"": [-73.954131,40.672695]}",18,11
"{""type"": ""Point"", ""coordinates"": [-73.98302136,40.6853761]}",18,17
"{""type"": ""Point"", ""coordinates"": [-73.925921,40.761584]}",18,9
"{""type"": ""Point"", ""coordinates"": [-73.9771834,40.79025417]}",18,17
"{""type"": ""Point"", ""coordinates"": [-73.98128127,40.78720869]}",18,13
"{""type"": ""Point"", ""coordinates"": [-73.97519523,40.6793307]}",17,16
"{""type"": ""Point"", ""coordinates"": [-73.97209525,40.76302594]}",17,11
"{""type"": ""Point"", ""coordinates"": [-73.9432083,40.79329668]}",17,13
"{""type"": ""Point"", ""coordinates"": [-74.00016545,40.71117416]}",17,17
"{""type"": ""Point"", ""coordinates"": [-73.98971773,40.69991755]}",17,6
"{""type"": ""Point"", ""coordinates"": [-73.98949474,40.69241829]}",17,18
"{""type"": ""Point"", ""coordinates"": [-73.95577801,40.7727966]}",17,14
"{""type"": ""Point"", ""coordinates"": [-73.97111473,40.6750207]}",17,22
"{""type"": ""Point"", ""coordinates"": [-73.96211287,40.7997568]}",17,15
"{""type"": ""Point"", ""coordinates"": [-73.95284,40.73555]}",17,16
"{""type"": ""Point"", ""coordinates"": [-73.98470567,40.7746671]}",17,22
"{""type"": ""Point"", ""coordinates"": [-73.98268129,40.76344058]}",17,14
"{""type"": ""Point"", ""coordinates"": [-73.97648516,40.75992262]}",17,25
"{""type"": ""Point"", ""coordinates"": [-73.98025185,40.75412081]}",17,17
"{""type"": ""Point"", ""coordinates"": [-73.955327,40.7835016]}",17,14
"{""type"": ""Point"", ""coordinates"": [-73.9605909,40.7981856]}",17,24
"{""type"": ""Point"", ""coordinates"": [-73.96644925,40.8008363]}",17,21
"{""type"": ""Point"", ""coordinates"": [-73.9383,40.7923272]}",17,15
"{""type"": ""Point"", ""coordinates"": [-73.9452087,40.808442]}",17,18
"{""type"": ""Point"", ""coordinates"": [-73.95856158,40.77314236]}",17,19
"{""type"": ""Point"", ""coordinates"": [-73.96536851,40.69196035]}",17,13
"{""type"": ""Point"", ""coordinates"": [-74.0090009,40.71870987]}",17,13
"{""type"": ""Point"", ""coordinates"": [-74.00167,40.707873]}",16,19
"{""type"": ""Point"", ""coordinates"": [-73.946041,40.7779453]}",16,18
"{""type"": ""Point"", ""coordinates"": [-73.98336183,40.76228826]}",16,23
"{""type"": ""Point"", ""coordinates"": [-73.98432695,40.6802133]}",16,16
"{""type"": ""Point"", ""coordinates"": [-73.9631611,40.6737236]}",16,14
"{""type"": ""Point"", ""coordinates"": [-73.96841526,40.70764494]}",16,17
"{""type"": ""Point"", ""coordinates"": [-73.97628939,40.71782143]}",16,11
"{""type"": ""Point"", ""coordinates"": [-73.95381995,40.69331716]}",16,12
"{""type"": ""Point"", ""coordinates"": [-73.962408,40.678045]}",16,14
"{""type"": ""Point"", ""coordinates"": [-73.9448625,40.70870368]}",16,16
"{""type"": ""Point"", ""coordinates"": [-73.96961715,40.78472675]}",16,24
"{""type"": ""Point"", ""coordinates"": [-73.96409422,40.77118288]}",16,13
"{""type"": ""Point"", ""coordinates"": [-73.97265183,40.68753406]}",16,24
"{""type"": ""Point"", ""coordinates"": [-73.98759104,40.6864442]}",16,16
"{""type"": ""Point"", ""coordinates"": [-73.9544354,40.70684203]}",16,17
"{""type"": ""Point"", ""coordinates"": [-73.97187886,40.7546011]}",16,18
"{""type"": ""Point"", ""coordinates"": [-73.96060712,40.7699426]}",16,14
"{""type"": ""Point"", ""coordinates"": [-73.97129668,40.69573398]}",16,9
"{""type"": ""Point"", ""coordinates"": [-73.9430681,40.8107922]}",16,13
"{""type"": ""Point"", ""coordinates"": [-73.95739,40.71469]}",16,21
"{""type"": ""Point"", ""coordinates"": [-73.9518776,40.8114323]}",16,16
"{""type"": ""Point"", ""coordinates"": [-73.9710097,40.6809741]}",16,18
"{""type"": ""Point"", ""coordinates"": [-73.94885391,40.71915572]}",16,17
"{""type"": ""Point"", ""coordinates"": [-74.00562789,40.71450451]}",16,14
"{""type"": ""Point"", ""coordinates"": [-73.9596082,40.6765198]}",15,19
"{""type"": ""Point"", ""coordinates"": [-73.93504,40.79747]}",15,7
"{""type"": ""Point"", ""coordinates"": [-74.011169,40.679043]}",15,13
"{""type"": ""Point"", ""coordinates"": [-73.96563307,40.68650065]}",15,8
"{""type"": ""Point"", ""coordinates"": [-73.99645295,40.6861758]}",15,18
"{""type"": ""Point"", ""coordinates"": [-73.96304,40.68488]}",15,11
"{""type"": ""Point"", ""coordinates"": [-73.97805914,40.75724568]}",15,19
"{""type"": ""Point"", ""coordinates"": [-73.97992194,40.75216528]}",15,15
"{""type"": ""Point"", ""coordinates"": [-73.98765475,40.679098]}",15,19
"{""type"": ""Point"", ""coordinates"": [-74.00887308,40.70717936]}",15,13
"{""type"": ""Point"", ""coordinates"": [-73.95484712,40.72079821]}",15,17
"{""type"": ""Point"", ""coordinates"": [-73.96222088,40.773763]}",15,16
"{""type"": ""Point"", ""coordinates"": [-74.00367558,40.74353373]}",15,22
"{""type"": ""Point"", ""coordinates"": [-73.95004798,40.68098339]}",15,14
"{""type"": ""Point"", ""coordinates"": [-73.95779,40.72906]}",15,20
"{""type"": ""Point"", ""coordinates"": [-73.9707756,40.69795032]}",15,12
"{""type"": ""Point"", ""coordinates"": [-73.9814832,40.6751622]}",15,16
"{""type"": ""Point"", ""coordinates"": [-73.962658,40.759125]}",14,13
"{""type"": ""Point"", ""coordinates"": [-73.98014437,40.75500254]}",14,15
"{""type"": ""Point"", ""coordinates"": [-73.94977234,40.74708586]}",14,18
"{""type"": ""Point"", ""coordinates"": [-73.96069399,40.7781314]}",14,21
"{""type"": ""Point"", ""coordinates"": [-74.01020234,40.71291224]}",14,16
"{""type"": ""Point"", ""coordinates"": [-73.95928168,40.68676793]}",14,16
"{""type"": ""Point"", ""coordinates"": [-74.00935516,40.71334184]}",14,16
"{""type"": ""Point"", ""coordinates"": [-73.98362464,40.69474881]}",14,15
"{""type"": ""Point"", ""coordinates"": [-73.98562431,40.78057799]}",14,18
"{""type"": ""Point"", ""coordinates"": [-74.00014502,40.6783563]}",14,13
"{""type"": ""Point"", ""coordinates"": [-73.99037292,40.6786115]}",14,14
"{""type"": ""Point"", ""coordinates"": [-73.97355569,40.69580705]}",14,9
"{""type"": ""Point"", ""coordinates"": [-73.96599591,40.68323865]}",14,16
"{""type"": ""Point"", ""coordinates"": [-73.95881081,40.6845683]}",14,15
"{""type"": ""Point"", ""coordinates"": [-73.9396861,40.8045555]}",14,15
"{""type"": ""Point"", ""coordinates"": [-73.954692,40.805159]}",14,16
"{""type"": ""Point"", ""coordinates"": [-73.945925,40.804038]}",13,16
"{""type"": ""Point"", ""coordinates"": [-73.97791,40.751581]}",13,14
"{""type"": ""Point"", ""coordinates"": [-73.9490782,40.8025566]}",13,19
"{""type"": ""Point"", ""coordinates"": [-73.98895053,40.666287]}",13,18
"{""type"": ""Point"", ""coordinates"": [-74.00242364,40.6859296]}",13,12
"{""type"": ""Point"", ""coordinates"": [-73.94752622,40.72481256]}",13,11
"{""type"": ""Point"", ""coordinates"": [-73.9468208,40.7724607]}",13,11
"{""type"": ""Point"", ""coordinates"": [-73.9432635,40.74718234]}",13,14
"{""type"": ""Point"", ""coordinates"": [-73.94803392,40.77536905]}",13,13
"{""type"": ""Point"", ""coordinates"": [-74.00612572,40.70530954]}",13,11
"{""type"": ""Point"", ""coordinates"": [-73.96023854,40.68900443]}",13,20
"{""type"": ""Point"", ""coordinates"": [-73.990539,40.69383]}",13,20
"{""type"": ""Point"", ""coordinates"": [-73.97846879,40.6765304]}",13,14
"{""type"": ""Point"", ""coordinates"": [-73.964928,40.805973]}",13,27
"{""type"": ""Point"", ""coordinates"": [-73.95866,40.73564]}",13,8
"{""type"": ""Point"", ""coordinates"": [-73.98620772,40.6849668]}",13,14
"{""type"": ""Point"", ""coordinates"": [-73.9236611,40.7557327]}",13,12
"{""type"": ""Point"", ""coordinates"": [-74.00234482,40.71494807]}",12,7
"{""type"": ""Point"", ""coordinates"": [-73.949373,40.8078316]}",12,12
"{""type"": ""Point"", ""coordinates"": [-73.920827,40.763154]}",12,8
"{""type"": ""Point"", ""coordinates"": [-73.9564947,40.6741806]}",12,9
"{""type"": ""Point"", ""coordinates"": [-73.94073717,40.75110165]}",12,25
"{""type"": ""Point"", ""coordinates"": [-73.9286471,40.7633589]}",12,8
"{""type"": ""Point"", ""coordinates"": [-73.99548059,40.70037867]}",12,11
"{""type"": ""Point"", ""coordinates"": [-73.98258555,40.6827549]}",12,13
"{""type"": ""Point"", ""coordinates"": [-73.96186,40.795346]}",12,11
"{""type"": ""Point"", ""coordinates"": [-73.95796783,40.70708701]}",12,11
"{""type"": ""Point"", ""coordinates"": [-73.9622207,40.76471852]}",12,12
"{""type"": ""Point"", ""coordinates"": [-73.9680438,40.6794388]}",12,25
"{""type"": ""Point"", ""coordinates"": [-74.01234218,40.70122128]}",12,18
"{""type"": ""Point"", ""coordinates"": [-73.991454,40.700469]}",12,10
"{""type"": ""Point"", ""coordinates"": [-73.98154004,40.6792788]}",12,12
"{""type"": ""Point"", ""coordinates"": [-73.96526895,40.76312584]}",12,14
"{""type"": ""Point"", ""coordinates"": [-73.97567332,40.68094472]}",12,16
"{""type"": ""Point"", ""coordinates"": [-73.9590255,40.8143256]}",12,20
"{""type"": ""Point"", ""coordinates"": [-73.99905709,40.6809591]}",11,13
"{""type"": ""Point"", ""coordinates"": [-73.96434123,40.7969347]}",11,10
"{""type"": ""Point"", ""coordinates"": [-73.9590097,40.77677702]}",11,12
"{""type"": ""Point"", ""coordinates"": [-73.94371094,40.69622937]}",11,10
"{""type"": ""Point"", ""coordinates"": [-73.973736,40.697787]}",11,5
"{""type"": ""Point"", ""coordinates"": [-73.9737299,40.6917823]}",11,14
"{""type"": ""Point"", ""coordinates"": [-73.97422494,40.72580614]}",11,8
"{""type"": ""Point"", ""coordinates"": [-73.97109243,40.76350532]}",11,5
"{""type"": ""Point"", ""coordinates"": [-73.9422369,40.71907891]}",11,12
"{""type"": ""Point"", ""coordinates"": [-73.96968902,40.68764484]}",11,9
"{""type"": ""Point"", ""coordinates"": [-74.0127234,40.70255065]}",11,11
"{""type"": ""Point"", ""coordinates"": [-73.9437303,40.7016657]}",11,5
"{""type"": ""Point"", ""coordinates"": [-73.9664948,40.79904139]}",11,11
"{""type"": ""Point"", ""coordinates"": [-74.01167797,40.70365182]}",11,8
"{""type"": ""Point"", ""coordinates"": [-73.9842844,40.69221589]}",11,8
"{""type"": ""Point"", ""coordinates"": [-73.99440329,40.6849894]}",11,14
"{""type"": ""Point"", ""coordinates"": [-73.96223558,40.69363137]}",11,7
"{""type"": ""Point"", ""coordinates"": [-73.956461,40.813358]}",10,9
"{""type"": ""Point"", ""coordinates"": [-73.9561677,40.6758324]}",10,4
"{""type"": ""Point"", ""coordinates"": [-73.97988067,40.6686627]}",10,16
"{""type"": ""Point"", ""coordinates"": [-73.9125551,40.7747878]}",10,15
"{""type"": ""Point"", ""coordinates"": [-74.00771779,40.72185379]}",10,12
"{""type"": ""Point"", ""coordinates"": [-73.952029,40.7160751]}",10,10
"{""type"": ""Point"", ""coordinates"": [-74.01472628,40.67583294]}",10,13
"{""type"": ""Point"", ""coordinates"": [-73.9452416,40.69128258]}",10,12
"{""type"": ""Point"", ""coordinates"": [-73.96286845,40.79406661]}",10,13
"{""type"": ""Point"", ""coordinates"": [-73.9671457,40.6740123]}",10,20
"{""type"": ""Point"", ""coordinates"": [-73.98362492,40.78414472]}",10,12
"{""type"": ""Point"", ""coordinates"": [-73.98352355,40.6728155]}",10,11
"{""type"": ""Point"", ""coordinates"": [-73.9631145,40.6716493]}",10,21
"{""type"": ""Point"", ""coordinates"": [-73.96751037,40.69610226]}",10,10
"{""type"": ""Point"", ""coordinates"": [-73.97114574,40.8013434]}",10,14
"{""type"": ""Point"", ""coordinates"": [-73.94111,40.6851532]}",10,6
"{""type"": ""Point"", ""coordinates"": [-73.94891962,40.78245418]}",10,8
"{""type"": ""Point"", ""coordinates"": [-73.940636,40.7031724]}",10,10
"{""type"": ""Point"", ""coordinates"": [-73.99318208,40.6829151]}",10,10
"{""type"": ""Point"", ""coordinates"": [-73.94910336,40.71335226]}",10,15
"{""type"": ""Point"", ""coordinates"": [-73.97288918,40.79017948]}",10,13
"{""type"": ""Point"", ""coordinates"": [-73.98208968,40.6704836]}",10,10
"{""type"": ""Point"", ""coordinates"": [-73.98178024,40.71926081]}",10,14
"{""type"": ""Point"", ""coordinates"": [-73.95801365,40.69454609]}",10,3
"{""type"": ""Point"", ""coordinates"": [-73.9166368,40.7577284]}",10,10
"{""type"": ""Point"", ""coordinates"": [-73.973984,40.730563]}",10,12
"{""type"": ""Point"", ""coordinates"": [-73.9504154,40.72179134]}",10,9
"{""type"": ""Point"", ""coordinates"": [-73.930819,40.7659]}",9,6
"{""type"": ""Point"", ""coordinates"": [-73.9397405,40.7527085]}",9,9
"{""type"": ""Point"", ""coordinates"": [-73.951475,40.804372]}",9,7
"{""type"": ""Point"", ""coordinates"": [-73.94755757,40.7903051]}",9,10
"{""type"": ""Point"", ""coordinates"": [-73.95133465,40.69072549]}",9,8
"{""type"": ""Point"", ""coordinates"": [-73.9379,40.8029263]}",9,4
"{""type"": ""Point"", ""coordinates"": [-73.9246145,40.7713615]}",9,6
"{""type"": ""Point"", ""coordinates"": [-74.00870204,40.65708867]}",9,5
"{""type"": ""Point"", ""coordinates"": [-73.9240312,40.7647]}",9,9
"{""type"": ""Point"", ""coordinates"": [-73.94945003,40.7934337]}",9,5
"{""type"": ""Point"", ""coordinates"": [-73.9500739,40.8011939]}",9,12
"{""type"": ""Point"", ""coordinates"": [-73.94776493,40.80949535]}",9,12
"{""type"": ""Point"", ""coordinates"": [-73.9551508,40.81]}",9,6
"{""type"": ""Point"", ""coordinates"": [-73.9609,40.6721683]}",9,5
"{""type"": ""Point"", ""coordinates"": [-73.98282002,40.6772744]}",9,11
"{""type"": ""Point"", ""coordinates"": [-73.96295,40.802692]}",9,12
"{""type"": ""Point"", ""coordinates"": [-73.96224618,40.7671284]}",9,14
"{""type"": ""Point"", ""coordinates"": [-73.9854617,40.6663181]}",9,12
"{""type"": ""Point"", ""coordinates"": [-73.97402311,40.7597108]}",9,7
"{""type"": ""Point"", ""coordinates"": [-73.99344027,40.69535693]}",9,13
"{""type"": ""Point"", ""coordinates"": [-73.95995021,40.73181402]}",9,9
"{""type"": ""Point"", ""coordinates"": [-73.9596214,40.8086249]}",9,10
"{""type"": ""Point"", ""coordinates"": [-73.959223,40.759107]}",9,9
"{""type"": ""Point"", ""coordinates"": [-73.97493121,40.68981035]}",9,11
"{""type"": ""Point"", ""coordinates"": [-73.95595908,40.7814107]}",9,15
"{""type"": ""Point"", ""coordinates"": [-73.97431458,40.68539567]}",9,13
"{""type"": ""Point"", ""coordinates"": [-73.95451,40.74731]}",9,7
"{""type"": ""Point"", ""coordinates"": [-73.99079025,40.68199044]}",9,10
"{""type"": ""Point"", ""coordinates"": [-73.96922273,40.68415748]}",9,12
"{""type"": ""Point"", ""coordinates"": [-73.941275,40.7485]}",8,5
"{""type"": ""Point"", ""coordinates"": [-73.944694,40.686203]}",8,12
"{""type"": ""Point"", ""coordinates"": [-73.98876585,40.6705135]}",8,12
"{""type"": ""Point"", ""coordinates"": [-73.94142771,40.67890679]}",8,9
"{""type"": ""Point"", ""coordinates"": [-73.957539,40.745038]}",8,5
"{""type"": ""Point"", ""coordinates"": [-73.99869893,40.6763947]}",8,12
"{""type"": ""Point"", ""coordinates"": [-73.9145645,40.7787185]}",8,4
"{""type"": ""Point"", ""coordinates"": [-73.94977,40.68402]}",8,8
"{""type"": ""Point"", ""coordinates"": [-73.9605695,40.66314]}",8,8
"{""type"": ""Point"", ""coordinates"": [-73.95576894,40.68034242]}",8,6
"{""type"": ""Point"", ""coordinates"": [-73.94968539,40.7845968]}",8,11
"{""type"": ""Point"", ""coordinates"": [-73.96592081,40.7678008]}",8,7
"{""type"": ""Point"", ""coordinates"": [-73.9647628,40.68851534]}",8,13
"{""type"": ""Point"", ""coordinates"": [-73.9373554,40.7671863]}",8,7
"{""type"": ""Point"", ""coordinates"": [-74.01195556,40.67363551]}",8,3
"{""type"": ""Point"", ""coordinates"": [-73.937261,40.796879]}",8,10
"{""type"": ""Point"", ""coordinates"": [-73.96703464,40.7691572]}",8,5
"{""type"": ""Point"", ""coordinates"": [-73.9398167,40.8013066]}",8,4
"{""type"": ""Point"", ""coordinates"": [-73.92093346,40.76754878]}",8,11
"{""type"": ""Point"", ""coordinates"": [-73.9618148,40.6686744]}",8,5
"{""type"": ""Point"", ""coordinates"": [-73.95242929,40.78948542]}",8,10
"{""type"": ""Point"", ""coordinates"": [-73.9265474,40.7658346]}",8,6
"{""type"": ""Point"", ""coordinates"": [-73.9532423,40.802535]}",8,6
"{""type"": ""Point"", ""coordinates"": [-73.94705951,40.71036854]}",8,11
"{""type"": ""Point"", ""coordinates"": [-73.97700369,40.79313481]}",8,7
"{""type"": ""Point"", ""coordinates"": [-73.97031366,40.75968085]}",7,7
"{""type"": ""Point"", ""coordinates"": [-73.98541675,40.6704922]}",7,7
"{""type"": ""Point"", ""coordinates"": [-73.98753523,40.75172632]}",7,13
"{""type"": ""Point"", ""coordinates"": [-73.945993,40.791976]}",7,7
"{""type"": ""Point"", ""coordinates"": [-73.9423,40.797911]}",7,9
"{""type"": ""Point"", ""coordinates"": [-73.99364123,40.6777287]}",7,7
"{""type"": ""Point"", ""coordinates"": [-73.94800901,40.72146256]}",7,6
"{""type"": ""Point"", ""coordinates"": [-73.99015725,40.69531728]}",7,5
"{""type"": ""Point"", ""coordinates"": [-73.98775226,40.6750705]}",7,11
"{""type"": ""Point"", ""coordinates"": [-73.97703874,40.69327018]}",7,8
"{""type"": ""Point"", ""coordinates"": [-73.93705428,40.69237074]}",7,8
"{""type"": ""Point"", ""coordinates"": [-73.99333264,40.6685455]}",7,6
"{""type"": ""Point"", ""coordinates"": [-73.921631,40.756913]}",7,7
"{""type"": ""Point"", ""coordinates"": [-73.955736,40.724055]}",7,7
"{""type"": ""Point"", ""coordinates"": [-73.9249574,40.768692]}",7,5
"{""type"": ""Point"", ""coordinates"": [-73.956741,40.666563]}",7,4
"{""type"": ""Point"", ""coordinates"": [-73.9286078,40.7703743]}",7,4
"{""type"": ""Point"", ""coordinates"": [-73.942061,40.6894932]}",7,5
"{""type"": ""Point"", ""coordinates"": [-73.9441232,40.7954121]}",7,8
"{""type"": ""Point"", ""coordinates"": [-73.950916,40.6883337]}",7,9
"{""type"": ""Point"", ""coordinates"": [-73.95033068,40.7904828]}",7,4
"{""type"": ""Point"", ""coordinates"": [-73.93561,40.743]}",7,9
"{""type"": ""Point"", ""coordinates"": [-73.94500379,40.71929301]}",7,12
"{""type"": ""Point"", ""coordinates"": [-73.96845281,40.76800889]}",7,8
"{""type"": ""Point"", ""coordinates"": [-73.95563722,40.67759207]}",7,4
"{""type"": ""Point"", ""coordinates"": [-73.939877,40.6933982]}",7,6
"{""type"": ""Point"", ""coordinates"": [-73.9442507,40.8014866]}",6,5
"{""type"": ""Point"", ""coordinates"": [-73.9460927,40.748]}",6,12
"{""type"": ""Point"", ""coordinates"": [-73.94708417,40.69957608]}",6,4
"{""type"": ""Point"", ""coordinates"": [-73.94407279,40.70510918]}",6,2
"{""type"": ""Point"", ""coordinates"": [-73.9077436,40.7713937]}",6,6
"{""type"": ""Point"", ""coordinates"": [-73.94733276,40.74524768]}",6,4
"{""type"": ""Point"", ""coordinates"": [-73.95960689,40.74336608]}",6,5
"{""type"": ""Point"", ""coordinates"": [-73.9538746,40.6630619]}",6,4
"{""type"": ""Point"", ""coordinates"": [-74.00348559,40.6830456]}",6,5
"{""type"": ""Point"", ""coordinates"": [-73.9136695,40.7656251]}",6,5
"{""type"": ""Point"", ""coordinates"": [-73.98068914,40.69839895]}",6,4
"{""type"": ""Point"", ""coordinates"": [-73.91691685,40.7612939]}",6,7
"{""type"": ""Point"", ""coordinates"": [-73.9222427,40.760339]}",6,7
"{""type"": ""Point"", ""coordinates"": [-73.930562,40.76108]}",6,5
"{""type"": ""Point"", ""coordinates"": [-74.0016256,40.68763155]}",6,4
"{""type"": ""Point"", ""coordinates"": [-73.95736456,40.81028506]}",6,7
"{""type"": ""Point"", ""coordinates"": [-73.934326,40.754876]}",6,4
"{""type"": ""Point"", ""coordinates"": [-73.934903,40.6814598]}",6,5
"{""type"": ""Point"", ""coordinates"": [-73.9588,40.6679411]}",6,6
"{""type"": ""Point"", ""coordinates"": [-73.9354504,40.7692475]}",6,3
"{""type"": ""Point"", ""coordinates"": [-73.935775,40.686312]}",6,9
"{""type"": ""Point"", ""coordinates"": [-73.942954,40.80295]}",6,1
"{""type"": ""Point"", ""coordinates"": [-73.9476791,40.68035608]}",6,6
"{""type"": ""Point"", ""coordinates"": [-73.99463654,40.66906014]}",6,1
"{""type"": ""Point"", ""coordinates"": [-73.939182,40.80756]}",6,5
"{""type"": ""Point"", ""coordinates"": [-73.94880027,40.71766197]}",6,6
"{""type"": ""Point"", ""coordinates"": [-73.96986848,40.69794]}",6,6
"{""type"": ""Point"", ""coordinates"": [-73.9362541,40.7945663]}",6,4
"{""type"": ""Point"", ""coordinates"": [-73.938037,40.682601]}",5,5
"{""type"": ""Point"", ""coordinates"": [-74.013942,40.701907]}",5,7
"{""type"": ""Point"", ""coordinates"": [-73.9183302,40.78145]}",5,5
"{""type"": ""Point"", ""coordinates"": [-73.941747,40.80698]}",5,5
"{""type"": ""Point"", ""coordinates"": [-73.9347774,40.7668]}",5,7
"{""type"": ""Point"", ""coordinates"": [-73.916142,40.7729]}",5,5
"{""type"": ""Point"", ""coordinates"": [-73.98700053,40.6686273]}",5,5
"{""type"": ""Point"", ""coordinates"": [-73.98721285,40.68461654]}",5,4
"{""type"": ""Point"", ""coordinates"": [-73.9411265,40.7614376]}",5,3
"{""type"": ""Point"", ""coordinates"": [-74.01275056,40.6773429]}",5,7
"{""type"": ""Point"", ""coordinates"": [-73.9904394,40.668603]}",5,7
"{""type"": ""Point"", ""coordinates"": [-73.98983002,40.67260298]}",5,8
"{""type"": ""Point"", ""coordinates"": [-73.9646795,40.6804836]}",5,9
"{""type"": ""Point"", ""coordinates"": [-73.96119945,40.76873687]}",5,4
"{""type"": ""Point"", ""coordinates"": [-73.9607082,40.8067581]}",5,4
"{""type"": ""Point"", ""coordinates"": [-73.95032283,40.70029511]}",5,11
"{""type"": ""Point"", ""coordinates"": [-73.9634,40.8109494]}",5,5
"{""type"": ""Point"", ""coordinates"": [-73.9566,40.7423737]}",5,1
"{""type"": ""Point"", ""coordinates"": [-74.00860912,40.6812117]}",5,2
"{""type"": ""Point"", ""coordinates"": [-73.94860294,40.7859201]}",5,6
"{""type"": ""Point"", ""coordinates"": [-73.9554162,40.6691783]}",5,2
"{""type"": ""Point"", ""coordinates"": [-73.9534573,40.7449067]}",5,8
"{""type"": ""Point"", ""coordinates"": [-73.944846,40.7989445]}",5,2
"{""type"": ""Point"", ""coordinates"": [-73.948852,40.74252]}",4,5
"{""type"": ""Point"", ""coordinates"": [-74.00324957,40.6763744]}",4,2
"{""type"": ""Point"", ""coordinates"": [-73.94954908,40.69539817]}",4,11
"{""type"": ""Point"", ""coordinates"": [-73.9153175,40.776165]}",4,1
"{""type"": ""Point"", ""coordinates"": [-74.00838676,40.7037992]}",4,8
"{""type"": ""Point"", ""coordinates"": [-73.932719,40.757186]}",4,4
"{""type"": ""Point"", ""coordinates"": [-73.918544,40.774591]}",4,4
"{""type"": ""Point"", ""coordinates"": [-73.9309134,40.7739825]}",4,1
"{""type"": ""Point"", ""coordinates"": [-73.98501143,40.67461342]}",4,5
"{""type"": ""Point"", ""coordinates"": [-73.98476437,40.69766564]}",4,6
"{""type"": ""Point"", ""coordinates"": [-73.93797,40.751047]}",4,3
"{""type"": ""Point"", ""coordinates"": [-73.9262231,40.7569332]}",4,5
"{""type"": ""Point"", ""coordinates"": [-73.934171,40.770845]}",4,5
"{""type"": ""Point"", ""coordinates"": [-73.95399026,40.68216564]}",4,3
"{""type"": ""Point"", ""coordinates"": [-73.94446054,40.77518615]}",4,1
"{""type"": ""Point"", ""coordinates"": [-73.941342,40.698617]}",4,7
"{""type"": ""Point"", ""coordinates"": [-73.93956237,40.7892529]}",4,5
"{""type"": ""Point"", ""coordinates"": [-73.941606,40.795508]}",4,7
"{""type"": ""Point"", ""coordinates"": [-73.94594,40.7817212]}",4,2
"{""type"": ""Point"", ""coordinates"": [-73.9612547,40.8120562]}",4,6
"{""type"": ""Point"", ""coordinates"": [-73.96408963,40.70853074]}",4,4
"{""type"": ""Point"", ""coordinates"": [-73.9389152,40.799139]}",4,3
"{""type"": ""Point"", ""coordinates"": [-73.944118,40.6823687]}",4,7
"{""type"": ""Point"", ""coordinates"": [-73.9485678,40.7552433]}",4,2
"{""type"": ""Point"", ""coordinates"": [-73.99331394,40.6724811]}",4,4
"{""type"": ""Point"", ""coordinates"": [-73.92957486,40.75651273]}",3,4
"{""type"": ""Point"", ""coordinates"": [-73.9298911,40.6794268]}",3,6
"{""type"": ""Point"", ""coordinates"": [-73.94644578,40.70583339]}",3,5
"{""type"": ""Point"", ""coordinates"": [-74.00879525,40.67267243]}",3,3
"{""type"": ""Point"", ""coordinates"": [-73.982578,40.70224]}",3,5
"{""type"": ""Point"", ""coordinates"": [-74.00264,40.752957]}",3,1
"{""type"": ""Point"", ""coordinates"": [-73.95238108,40.69527008]}",3,5
"{""type"": ""Point"", ""coordinates"": [-74.0094613,40.6777748]}",3,2
"{""type"": ""Point"", ""coordinates"": [-73.95324737,40.81439444]}",3,3
"{""type"": ""Point"", ""coordinates"": [-73.957481,40.7857851]}",3,8
"{""type"": ""Point"", ""coordinates"": [-73.9492286,40.8125511]}",3,4
"{""type"": ""Point"", ""coordinates"": [-73.936322,40.805726]}",3,2
"{""type"": ""Point"", ""coordinates"": [-73.9142678,40.7595701]}",3,3
"{""type"": ""Point"", ""coordinates"": [-73.9279917,40.7531106]}",3,6
"{""type"": ""Point"", ""coordinates"": [-73.95587325,40.74436329]}",2,2
"{""type"": ""Point"", ""coordinates"": [-74.00785041,40.6794327]}",2,4
"{""type"": ""Point"", ""coordinates"": [-73.9225403,40.7774552]}",2,5
"{""type"": ""Point"", ""coordinates"": [-73.95206,40.78813]}",2,2
"{""type"": ""Point"", ""coordinates"": [-73.9170074,40.7711528]}",2,1
"{""type"": ""Point"", ""coordinates"": [-73.9242751,40.7580583]}",2,6
"{""type"": ""Point"", ""coordinates"": [-73.9120938,40.7701477]}",2,2
"{""type"": ""Point"", ""coordinates"": [-74.00194698,40.67434]}",2,2
"{""type"": ""Point"", ""coordinates"": [-73.927631,40.7767]}",2,5
"{""type"": ""Point"", ""coordinates"": [-73.9321455,40.7596276]}",2,1
"{""type"": ""Point"", ""coordinates"": [-73.9587903,40.6791944]}",2,5
"{""type"": ""Point"", ""coordinates"": [-73.9334929,40.75186951]}",2,3
"{""type"": ""Point"", ""coordinates"": [-74.015665,40.677236]}",2,4
"{""type"": ""Point"", ""coordinates"": [-73.9574686,40.6642406]}",2,1
"{""type"": ""Point"", ""coordinates"": [-73.9311847,40.7974772]}",2,5
"{""type"": ""Point"", ""coordinates"": [-73.94821286,40.71638032]}",2,4
"{""type"": ""Point"", ""coordinates"": [-73.9349,40.8006721]}",1,1
"{""type"": ""Point"", ""coordinates"": [-73.9419949,40.8005385]}",1,3
"{""type"": ""Point"", ""coordinates"": [-73.9362726,40.7601853]}",1,1
"{""type"": ""Point"", ""coordinates"": [-73.938475,40.6800105]}",1,2
"{""type"": ""Point"", ""coordinates"": [-73.9184057,40.7699176]}",1,1
"{""type"": ""Point"", ""coordinates"": [-73.9169858,40.7671]}",1,4
"{""type"": ""Point"", ""coordinates"": [-73.947915,40.6900815]}",1,4
"{""type"": ""Point"", ""coordinates"": [-73.9569115,40.6627059]}",1,1
"{""type"": ""Point"", ""coordinates"": [-73.945133,40.75742]}",1,1
"{""type"": ""Point"", ""coordinates"": [-73.9337894,40.7747175]}",1,1
"{""type"": ""Point"", ""coordinates"": [-73.9479119,40.7519071]}",1,3
"{""type"": ""Point"", ""coordinates"": [-73.9398551,40.76315482]}",1,1
"{""type"": ""Point"", ""coordinates"": [-73.94594845,40.75052534]}",1,1
"{""type"": ""Point"", ""coordinates"": [-73.9521,40.74966]}",1,3
"{""type"": ""Point"", ""coordinates"": [-73.93795609,40.7535992]}",1,1
